{
  "name": "crypto-cluster-frontend",
  "version": "1.0.0",
  "private": true,
  "homepage": "/xview",
  "dependencies": {
    "react": "^18.2.0",
    "react-dom": "^18.2.0",
    "react-scripts": "5.0.1",
    "d3": "^7.8.5",
    "d3-scale": "^4.0.2",
    "d3-shape": "^3.2.0",
    "d3-time-format": "^4.1.0",
    "lightweight-charts": "^4.1.0",
    "styled-components": "^5.3.10",
    "@types/d3": "^7.4.3",
    "@types/react": "^18.0.0",
    "@types/react-dom": "^18.0.0",
    "@types/styled-components": "^5.1.26",
    "typescript": "^4.9.5"
  },
  "scripts": {
    "start": "react-scripts start",
    "build": "react-scripts build",
    "test": "react-scripts test",
    "eject": "react-scripts eject"
  },
  "eslintConfig": {
    "extends": [
      "react-app"
    ]
  },
  "browserslist": {
    "production": [
      ">0.2%",
      "not dead",
      "not op_mini all"
    ],
    "development": [
      "last 1 chrome version",
      "last 1 firefox version",
      "last 1 safari version"
    ]
  }
}